first_name,last_name,company,position,industry,location
John,Doe,ABC Corp,Marketing Manager,Technology,San Francisco
Jane,Smith,XYZ Inc,Social Media Specialist,Advertising & Marketing,New York
Michael,Johnson,123 Company,Digital Marketing Analyst,Consulting,Chicago
Sarah,Williams,ABC Corp,Content Writer,Media & Publishing,London
David,Brown,XYZ Inc,Brand Manager,Consumer Goods,Miami
Jessica,Lee,123 Company,Marketing Coordinator,E-commerce,Sydney
Christopher,Taylor,ABC Corp,Social Media Manager,Fashion & Apparel,Los Angeles
Amy,Anderson,XYZ Inc,Marketing Strategist,Technology,San Francisco
Matthew,Clark,123 Company,Public Relations Specialist,Advertising & Marketing,Boston
Emily,Hall,ABC Corp,Digital Marketing Manager,Consulting,Chicago
Andrew,Young,XYZ Inc,Content Creator,Media & Publishing,London
Amanda,Martin,123 Company,Marketing Analyst,Consumer Goods,Miami
Jonathan,Ross,ABC Corp,Brand Ambassador,Beauty & Cosmetics,Paris
Olivia,Turner,XYZ Inc,Market Researcher,Market Research,Berlin
Nathan,Roberts,123 Company,SEO Specialist,Technology,San Francisco
Lauren,Clark,ABC Corp,Advertising Manager,Advertising & Marketing,New York
James,White,XYZ Inc,Influencer Marketing Coordinator,Media & Publishing,Los Angeles
Sophia,Morgan,123 Company,Content Strategist,E-commerce,London
William,Anderson,ABC Corp,Marketing Coordinator,Fashion & Apparel,Paris
Grace,Hughes,XYZ Inc,Social Media Analyst,Technology,San Francisco
Ethan,Reed,123 Company,Marketing Manager,Consulting,Chicago
Abigail,Hall,ABC Corp,Content Writer,Media & Publishing,London
Noah,Morris,XYZ Inc,Brand Manager,Consumer Goods,Miami
Chloe,Cook,123 Company,Marketing Specialist,Advertising & Marketing,Boston
Daniel,Evans,ABC Corp,Digital Marketing Analyst,E-commerce,Sydney
Ella,Collins,XYZ Inc,Social Media Manager,Fashion & Apparel,Los Angeles
Aiden,Murphy,123 Company,Marketing Strategist,Technology,San Francisco
Lily,Rogers,ABC Corp,Social Media Specialist,Advertising & Marketing,New York
Lucas,Cooper,XYZ Inc,Marketing Coordinator,Consulting,Chicago
Mia,Richardson,123 Company,Content Writer,Media & Publishing,London
Alexander,Martin,ABC Corp,Brand Manager,Consumer Goods,Miami
Sofia,Anderson,XYZ Inc,Marketing Strategist,Technology,San Francisco
Logan,Turner,123 Company,Digital Marketing Manager,E-commerce,Sydney
Ava,Taylor,ABC Corp,Social Media Manager,Fashion & Apparel,Los Angeles
Liam,Harris,XYZ Inc,Content Creator,Media & Publishing,London
Charlotte,Young,123 Company,Marketing Analyst,Consumer Goods,Miami
Mason,Ross,ABC Corp,Brand Ambassador,Beauty & Cosmetics,Paris
Amelia,Turner,XYZ Inc,Market Researcher,Market Research,Berlin
Henry,Roberts,123 Company,SEO Specialist,Technology,San Francisco
Elizabeth,Clark,ABC Corp,Advertising Manager,Advertising & Marketing,New York
Alexander,Smith,XYZ Inc,Influencer Marketing Coordinator,Media & Publishing,Los Angeles
Victoria,Morgan,123 Company,Content Strategist,E-commerce,London
William,Anderson,ABC Corp,Marketing Coordinator,Fashion & Apparel,Paris
Emily,Hughes,XYZ Inc,Social Media Analyst,Technology,San Francisco
James,Reed,123 Company,Marketing Manager,Consulting,Chicago
Sophia,Hall,ABC Corp,Content Writer,Media & Publishing,London
Benjamin,Morris,XYZ Inc,Brand Manager,Consumer Goods,Miami
Mia,Cook,123 Company,Marketing Specialist,Advertising & Marketing,Boston
Ethan,Evans,ABC Corp,Digital Marketing Analyst,E-commerce,Sydney
Olivia,Collins,XYZ Inc,Social Media Manager,Fashion & Apparel,Los Angeles
Liam,Murphy,123 Company,Marketing Strategist,Technology,San Francisco
Isabella,Rogers,ABC Corp,Social Media Specialist,Advertising & Marketing,New York
Aiden,Cooper,XYZ Inc,Marketing Coordinator,Consulting,Chicago
Sophia,Richardson,123 Company,Content Writer,Media & Publishing,London
Jacob,Martin,ABC Corp,Brand Manager,Consumer Goods,Miami
Olivia,Anderson,XYZ Inc,Marketing Strategist,Technology,San Francisco
Ethan,Turner,123 Company,Digital Marketing Manager,E-commerce,Sydney
Ava,Taylor,ABC Corp,Social Media Manager,Fashion & Apparel,Los Angeles
Logan,Harris,XYZ Inc,Content Creator,Media & Publishing,London
Isabella,Young,123 Company,Marketing Analyst,Consumer Goods,Miami
Noah,Ross,ABC Corp,Brand Ambassador,Beauty & Cosmetics,Paris
Sophia,Turner,XYZ Inc,Market Researcher,Market Research,Berlin
Liam,Roberts,123 Company,SEO Specialist,Technology,San Francisco
Charlotte,Clark,ABC Corp,Advertising Manager,Advertising & Marketing,New York
Ethan,Smith,XYZ Inc,Influencer Marketing Coordinator,Media & Publishing,Los Angeles
Olivia,Morgan,123 Company,Content Strategist,E-commerce,London
William,Anderson,ABC Corp,Marketing Coordinator,Fashion & Apparel,Paris
Emily,Hughes,XYZ Inc,Social Media Analyst,Technology,San Francisco
James,Reed,123 Company,Marketing Manager,Consulting,Chicago
Sophia,Hall,ABC Corp,Content Writer,Media & Publishing,London
Benjamin,Morris,XYZ Inc,Brand Manager,Consumer Goods,Miami
Mia,Cook,123 Company,Marketing Specialist,Advertising & Marketing,Boston
Ethan,Evans,ABC Corp,Digital Marketing Analyst,E-commerce,Sydney
Olivia,Collins,XYZ Inc,Social Media Manager,Fashion & Apparel,Los Angeles
Liam,Murphy,123 Company,Marketing Strategist,Technology,San Francisco
Isabella,Rogers,ABC Corp,Social Media Specialist,Advertising & Marketing,New York
Aiden,Cooper,XYZ Inc,Marketing Coordinator,Consulting,Chicago
Sophia,Richardson,123 Company,Content Writer,Media & Publishing,London
Jacob,Martin,ABC Corp,Brand Manager,Consumer Goods,Miami
Olivia,Anderson,XYZ Inc,Marketing Strategist,Technology,San Francisco
Ethan,Turner,123 Company,Digital Marketing Manager,E-commerce,Sydney
Ava,Taylor,ABC Corp,Social Media Manager,Fashion & Apparel,Los Angeles
Logan,Harris,XYZ Inc,Content Creator,Media & Publishing,London
Isabella,Young,123 Company,Marketing Analyst,Consumer Goods,Miami
Noah,Ross,ABC Corp,Brand Ambassador,Beauty & Cosmetics,Paris
Sophia,Turner,XYZ Inc,Market Researcher,Market Research,Berlin
Liam,Roberts,123 Company,SEO Specialist,Technology,San Francisco
Charlotte,Clark,ABC Corp,Advertising Manager,Advertising & Marketing,New York
Ethan,Smith,XYZ Inc,Influencer, Marketing Coordinator,Media & Publishing
Olivia,Morgan,123 Company,Content Strategist,E-commerce,London
William,Anderson,ABC Corp,Marketing Coordinator,Fashion & Apparel,Paris
Emily,Hughes,XYZ Inc,Social Media Analyst,Technology,San Francisco
James,Reed,123 Company,Marketing Manager,Consulting,Chicago
Sophia,Hall,ABC Corp,Content Writer,Media & Publishing,London
Benjamin,Morris,XYZ Inc,Brand Manager,Consumer Goods,Miami
Mia,Cook,123 Company,Marketing Specialist,Advertising & Marketing,Boston
Ethan,Evans,ABC Corp,Digital Marketing Analyst,E-commerce,Sydney
Olivia,Collins,XYZ Inc,Social Media Manager,Fashion & Apparel,Los Angeles
Liam,Murphy,123 Company,Marketing Strategist,Technology,San Francisco
Isabella,Rogers,ABC Corp,Social Media Specialist,Advertising & Marketing,New York
